{
  "Tingyun": {
    "moc": {
      "cycles": 5.529082774049217,
      "usage": 5.826761389558756
    },
    "pf": {
      "score": 33732.163265306124,
      "usage": 2.9634109464771696
    },
    "as": {
      "score": 3654.7428797468356,
      "usage": 8.004559559242606
    }
  },
  "Clara": {
    "moc": {
      "cycles": 7.963470319634703,
      "usage": 2.854722023072411
    },
    "pf": {
      "score": 26951.75257731959,
      "usage": 0.5866344118536437
    },
    "as": {
      "score": 3242.0,
      "usage": 0.08865809638401621
    }
  },
  "Yunli": {
    "moc": {
      "cycles": 6.678543151227236,
      "usage": 8.231766929544419
    },
    "pf": {
      "score": 28424.625407166124,
      "usage": 1.8566676746295738
    },
    "as": {
      "score": 3442.150485436893,
      "usage": 1.3045405610790957
    }
  },
  "Bronya": {
    "moc": {
      "cycles": 5.226774654597428,
      "usage": 27.36101153620544
    },
    "pf": {
      "score": 35234.4157814871,
      "usage": 11.956456002419111
    },
    "as": {
      "score": 3637.23358285131,
      "usage": 37.22373503894624
    }
  },
  "Imaginary March 7th": {
    "moc": {
      "cycles": 7.6430921052631575,
      "usage": 3.9627191553151273
    },
    "pf": {
      "score": 26310.909090909092,
      "usage": 0.13305110371938314
    },
    "as": {
      "score": 3531.4285714285716,
      "usage": 2.881388132480527
    }
  },
  "Fugue": {
    "moc": {
      "cycles": 6.25568887050062,
      "usage": 15.753112168415564
    },
    "pf": {
      "score": 31011.12341772152,
      "usage": 15.288781372845477
    },
    "as": {
      "score": 3599.9436974789915,
      "usage": 22.607814577924135
    }
  },
  "Ice Trailblazer": {
    "moc": {
      "cycles": 6.14016300227445,
      "usage": 68.77403376132438
    },
    "pf": {
      "score": 36697.49525303393,
      "usage": 73.256728152404
    },
    "as": {
      "score": 3599.268367660621,
      "usage": 61.801025900829586
    }
  },
  "Gallagher": {
    "moc": {
      "cycles": 7.103480422622747,
      "usage": 20.973733950335657
    },
    "pf": {
      "score": 31940.560640732267,
      "usage": 21.143029936498337
    },
    "as": {
      "score": 3463.9170494460955,
      "usage": 23.437401051231717
    }
  },
  "Jiaoqiu": {
    "moc": {
      "cycles": 6.137636080870918,
      "usage": 8.381672423906668
    },
    "pf": {
      "score": 32393.840117704756,
      "usage": 12.3314182038101
    },
    "as": {
      "score": 3483.937915742794,
      "usage": 5.712114495598759
    }
  },
  "Topaz & Numby": {
    "moc": {
      "cycles": 6.531590413943355,
      "usage": 8.974776771166004
    },
    "pf": {
      "score": 26877.241379310344,
      "usage": 0.17538554581191412
    },
    "as": {
      "score": 3494.6648936170213,
      "usage": 4.762206320055728
    }
  },
  "Ruan Mei": {
    "moc": {
      "cycles": 6.1164450210833605,
      "usage": 40.1877077494623
    },
    "pf": {
      "score": 33492.700385236734,
      "usage": 48.666465074085274
    },
    "as": {
      "score": 3593.5116922013594,
      "usage": 54.97435247926033
    }
  },
  "Anaxa": {
    "moc": {
      "cycles": 6.351034752049981,
      "usage": 16.691650915727042
    },
    "pf": {
      "score": 34916.63010967099,
      "usage": 24.26368309646205
    },
    "as": {
      "score": 3609.8265682656825,
      "usage": 24.026344120068394
    }
  },
  "Black Swan": {
    "moc": {
      "cycles": 6.380782918149467,
      "usage": 1.8314540832953137
    },
    "pf": {
      "score": 29421.577287066248,
      "usage": 1.9171454490474753
    },
    "as": {
      "score": 3489.9109062980033,
      "usage": 4.122601481856754
    }
  },
  "Imaginary Trailblazer": {
    "moc": {
      "cycles": 5.5246913580246915,
      "usage": 3.167568272176237
    },
    "pf": {
      "score": 32180.57361376673,
      "usage": 3.162987602056244
    },
    "as": {
      "score": 3602.6590709903594,
      "usage": 7.22563485529732
    }
  },
  "Fu Xuan": {
    "moc": {
      "cycles": 6.668246445497631,
      "usage": 8.251319820113407
    },
    "pf": {
      "score": 33422.90759270159,
      "usage": 10.275173873601451
    },
    "as": {
      "score": 3462.9947275922673,
      "usage": 7.206636691786461
    }
  },
  "Himeko": {
    "moc": {
      "cycles": 6.555555555555555,
      "usage": 0.05865867170696734
    },
    "pf": {
      "score": 29399.792746113988,
      "usage": 3.5016631387964923
    },
    "as": {
      "score": 3365.4444444444443,
      "usage": 0.4559559242606548
    }
  },
  "Kafka": {
    "moc": {
      "cycles": 6.229965156794425,
      "usage": 1.8705598644332921
    },
    "pf": {
      "score": 29699.587020648967,
      "usage": 2.050196552766858
    },
    "as": {
      "score": 3490.3815028901736,
      "usage": 4.382243049838515
    }
  },
  "Pela": {
    "moc": {
      "cycles": 7.260504201680672,
      "usage": 1.5511959851398032
    },
    "pf": {
      "score": 28888.5754583921,
      "usage": 4.287874206229211
    },
    "as": {
      "score": 3373.2754491017963,
      "usage": 1.0575644354379077
    }
  },
  "Castorice": {
    "moc": {
      "cycles": 6.065141207998351,
      "usage": 63.2340481001108
    },
    "pf": {
      "score": 37011.27269409726,
      "usage": 66.28968853946175
    },
    "as": {
      "score": 3587.1261096605745,
      "usage": 48.50864416439744
    }
  },
  "Sparkle": {
    "moc": {
      "cycles": 5.24321608040201,
      "usage": 19.455126116144168
    },
    "pf": {
      "score": 33389.98232174425,
      "usage": 10.26307831871787
    },
    "as": {
      "score": 3592.5836909871246,
      "usage": 20.65733645747578
    }
  },
  "Misha": {
    "as": {
      "score": 3353.0,
      "usage": 0.006332721170286872
    }
  },
  "Cipher": {
    "moc": {
      "cycles": 5.390631202858277,
      "usage": 16.417910447761194
    },
    "pf": {
      "score": 34147.150715071504,
      "usage": 5.49742969458724
    },
    "as": {
      "score": 3565.6582887700533,
      "usage": 11.842188588436452
    }
  },
  "Lynx": {
    "moc": {
      "cycles": 7.337662337662338,
      "usage": 0.501857524604054
    },
    "pf": {
      "score": 32381.81818181818,
      "usage": 0.2661022074387663
    },
    "as": {
      "score": 3436.296296296296,
      "usage": 0.3419669431954911
    }
  },
  "Feixiao": {
    "moc": {
      "cycles": 6.410761154855643,
      "usage": 19.86573681809294
    },
    "pf": {
      "score": 31451.82389937107,
      "usage": 0.9615966132446326
    },
    "as": {
      "score": 3516.00421686747,
      "usage": 10.512317142676208
    }
  },
  "Sunday": {
    "moc": {
      "cycles": 5.579801980198019,
      "usage": 49.37104868669751
    },
    "pf": {
      "score": 34039.747409326425,
      "usage": 37.35107348049592
    },
    "as": {
      "score": 3628.289137951592,
      "usage": 53.112532455195996
    }
  },
  "Natasha": {
    "moc": {
      "cycles": 5.777777777777778,
      "usage": 0.05865867170696734
    },
    "pf": {
      "score": 32262.85714285714,
      "usage": 0.042334442092531
    },
    "as": {
      "score": 3505.2,
      "usage": 0.031663605851434365
    }
  },
  "Hook": {
    "moc": {
      "cycles": 5.333333333333333,
      "usage": 0.019552890568989116
    },
    "pf": {
      "score": 30440.0,
      "usage": 0.006047777441790142
    },
    "as": {
      "score": 3303.6666666666665,
      "usage": 0.03799632702172123
    }
  },
  "Yukong": {
    "moc": {
      "cycles": 5.454545454545454,
      "usage": 0.07169393208629342
    },
    "pf": {
      "score": 38016.0,
      "usage": 0.03023888720895071
    },
    "as": {
      "score": 3576.6666666666665,
      "usage": 0.1329871445760243
    }
  },
  "Ice March 7th": {
    "moc": {
      "cycles": 3.6,
      "usage": 0.032588150948315193
    },
    "pf": {
      "score": 35757.142857142855,
      "usage": 0.084668884185062
    },
    "as": {
      "score": 3460.0,
      "usage": 0.04432904819200811
    }
  },
  "Asta": {
    "moc": {
      "cycles": 4.0,